[{"model": "sessions.session", "pk": "15mrljoahhc69dklvm547s8i36a0c8um", "fields": {"session_data": ".eJxVTksOwiAQvQtr0wwtUOjSpOcgA0wDUdEUmmiMd7cYF7p8__dkFrca7VZotSmwiY3s8Ms59CfKTWiwdE2hXJPHmq65my-Yzsev5y8YscRWBxQGo4h6R8sohOq19M5LtdBO8gGCGgiMMXo0wjmQjoPmOggMHrD_vClUyj5m6X5L64NN8HoDm5g8fQ:1qLqHs:XWCYE9HTy2f4vjmZOhagbOQcWhGRX3TmCCrrnKa7NE0", "expire_date": "2023-08-01T19:23:08.015Z"}}, {"model": "sessions.session", "pk": "5nvt7i7ehmzj2q16q0qe3sy78p4udltd", "fields": {"session_data": "e30:1qMuuQ:7gb9BR9A3fWZVGxgRL5qK1QRTAZx8HsMQCefYrUSvSc", "expire_date": "2023-08-04T18:31:22.926Z"}}, {"model": "sessions.session", "pk": "69w6z61rgy9hd993b5adb5zazav1jq42", "fields": {"session_data": ".eJxVTcsKAiEU_RfXMZiPdGYZ9B1yvV5RKovRgSL69xRa1Opw3i_mYGvJbZVWlwNbmLBs9yt6wDOV4Qxap-FQaRmh5VuZTlfIl-M381dMUFNvYYBo_ay42isJKFED19oYTzpaG30wFujgI3Jpe0QYqTDMaDpK9EKM0Uq19jNHj3ten2zh7w_RdzzU:1qMwEz:dmF-TgZVAAoC8fIFytFWbwQB-dxZFIyB0MbbELjwGno", "expire_date": "2023-08-04T19:56:41.261Z"}}, {"model": "sessions.session", "pk": "if8sku9amy9nh79h11mfk3htdu6l8kbw", "fields": {"session_data": ".eJxVjU0OwiAQhe_C2jRjgQJdmvQcZIYOgajVFJpojHe3JC50-X6-917C41aT3wqvPs9iFL0Vh1-TMJx5aUmTpWsJLzUHrPm2dNMV8-X07fyBCUvaKXJgQVqw0UTrYq-Y1ewYiQfnXIgAWks-DgRERmlSwYBE1IalpDj0bbRwKfuZ58c9r08xwvsDuDg8sg:1qM9vm:5hITEOF1ul2J9j9ZPbDjEZMLFPy3S5zdpUHf4jHpAQs", "expire_date": "2023-08-02T16:21:38.019Z"}}, {"model": "sessions.session", "pk": "it3do928hf09sfj637vzv1dkh4xagsnl", "fields": {"session_data": ".eJxVTksOwiAQvQtr0wwtUOjSpOcgA0wDUdEUmmiMd7cYF7p8__dkFrca7VZotSmwiY3s8Ms59CfKTWiwdE2hXJPHmq65my-Yzsev5y8YscRWBxQGo4h6R8sohOq19M5LtdBO8gGCGgiMMXo0wjmQjoPmOggMHrD_vClUyj5m6X5L64NN8HoDm5g8fQ:1qLRqn:r4pEk_2RDVuwxV1xWMo0PHqmnv444cLM7WvGJitgjsY", "expire_date": "2023-07-31T17:17:33.965Z"}}, {"model": "sessions.session", "pk": "lcahv8d1k3uyl2h95c401ym5ud6uhvb7", "fields": {"session_data": "e30:1qKg6c:LtWGrIZiYjPRVlzgDir8Uk0EhZsrStKXgkPbLk54LU0", "expire_date": "2023-07-29T14:18:42.126Z"}}, {"model": "sessions.session", "pk": "lmv67vyiayfp4f61okdbsn672tlzj35g", "fields": {"session_data": "e30:1qL5Wc:-q-RZTuex5iAIx8Tfs5VutIFGTwPsF6Y_AcvrnKaZxY", "expire_date": "2023-07-30T17:27:14.932Z"}}, {"model": "sessions.session", "pk": "lqu0bg5y5vt4nx1g25vdjie6cz16hhq8", "fields": {"session_data": ".eJxVjU0OwiAUhO_C2jQ8CghdmngO8qBjStRqCk00xrtbEhe6nJ9v5iUCr3UKa8ES8igGoZzY_ZqR0xlzS5osXUsw15y45tvcHa-cL4dv5w-cuEwbBbaakiUVZe9J49RbB4yjJzIJ3iloHw1kNAqRtTV7LRVFnZy1TMm00YJStrOAxz0vTzHI9wexCzxr:1qM6is:L7PaLJ5a9zE-OBFN0vvvKzT80DJKZBFlKxUnq1oRVfc", "expire_date": "2023-08-02T12:56:06.998Z"}}, {"model": "sessions.session", "pk": "qxr0pu3b0xyfkb4yeoxm4g77jkxyfyqa", "fields": {"session_data": "e30:1qKjdD:NBieapBaCOtiW4qmuL8_YMexig3TTLp_Z65efXFEdIE", "expire_date": "2023-07-29T18:04:35.751Z"}}, {"model": "sessions.session", "pk": "sazwu3ofdemyqqn1kdvakj0p6rg10551", "fields": {"session_data": "e30:1qLRCm:PO1r7hHBmkWy0pL1NJsc4QGfG2tCvvDLJxgZ8b2sE_s", "expire_date": "2023-07-31T16:36:12.671Z"}}, {"model": "sessions.session", "pk": "zp39jukedcir5zfdfmime05kk45tole5", "fields": {"session_data": ".eJxVjU0OwiAUhO_C2jQ8CghdmngO8qBjStRqCk00xrtbEhe6nJ9v5iUCr3UKa8ES8igGoZzY_ZqR0xlzS5osXUsw15y45tvcHa-cL4dv5w-cuEwbBbaakiUVZe9J49RbB4yjJzIJ3iloHw1kNAqRtTV7LRVFnZy1TMm00YJStrOAxz0vTzHI9wexCzxr:1qM6cQ:FY1BLkXcs5I376tJvHy6LFXwO6Pt7f6vSnH9470fxy0", "expire_date": "2023-08-02T12:49:26.588Z"}}, {"model": "admin_panel.gallery", "pk": 1, "fields": {"title": null}}, {"model": "admin_panel.gallery", "pk": 2, "fields": {"title": null}}, {"model": "admin_panel.gallery", "pk": 3, "fields": {"title": null}}, {"model": "admin_panel.gallery", "pk": 4, "fields": {"title": null}}, {"model": "admin_panel.gallery", "pk": 5, "fields": {"title": null}}, {"model": "admin_panel.gallery", "pk": 9, "fields": {"title": null}}, {"model": "admin_panel.gallery", "pk": 38, "fields": {"title": null}}, {"model": "admin_panel.gallery", "pk": 39, "fields": {"title": null}}, {"model": "admin_panel.gallery", "pk": 40, "fields": {"title": null}}, {"model": "admin_panel.gallery", "pk": 41, "fields": {"title": null}}, {"model": "admin_panel.gallery", "pk": 42, "fields": {"title": null}}, {"model": "admin_panel.gallery", "pk": 43, "fields": {"title": null}}, {"model": "admin_panel.gallery", "pk": 50, "fields": {"title": null}}, {"model": "admin_panel.photo", "pk": 1, "fields": {"img": "1687330482.882744.jpg", "gallery": 1}}, {"model": "admin_panel.photo", "pk": 2, "fields": {"img": "1688156940.616476.jpg", "gallery": 1}}, {"model": "admin_panel.photo", "pk": 3, "fields": {"img": "1686135543.986887.jpg", "gallery": 1}}, {"model": "admin_panel.photo", "pk": 11, "fields": {"img": "1686146654.131546.jpg", "gallery": 2}}, {"model": "admin_panel.photo", "pk": 12, "fields": {"img": "1686146654.141275.jpeg", "gallery": 2}}, {"model": "admin_panel.photo", "pk": 13, "fields": {"img": "1686146676.524683.jpg", "gallery": 2}}, {"model": "admin_panel.photo", "pk": 16, "fields": {"img": "1686146959.301849.jpg", "gallery": 3}}, {"model": "admin_panel.photo", "pk": 17, "fields": {"img": "1686147052.024392.jpg", "gallery": 3}}, {"model": "admin_panel.photo", "pk": 18, "fields": {"img": "1686147520.022817.jpg", "gallery": 3}}, {"model": "admin_panel.photo", "pk": 20, "fields": {"img": "1686151646.421197.jpg", "gallery": 2}}, {"model": "admin_panel.photo", "pk": 36, "fields": {"img": "1686685696.521834.jpg", "gallery": 39}}, {"model": "admin_panel.photo", "pk": 37, "fields": {"img": "1686685696.529717.jpg", "gallery": 39}}, {"model": "admin_panel.photo", "pk": 38, "fields": {"img": "1686685696.53794.jpeg", "gallery": 39}}, {"model": "admin_panel.photo", "pk": 39, "fields": {"img": "1686685696.546553.jpg", "gallery": 39}}, {"model": "admin_panel.photo", "pk": 40, "fields": {"img": "1686685696.555127.jpg", "gallery": 39}}, {"model": "admin_panel.photo", "pk": 41, "fields": {"img": "1686732005.26364.jpg", "gallery": null}}, {"model": "admin_panel.photo", "pk": 42, "fields": {"img": "1686732005.337268.jpg", "gallery": null}}, {"model": "admin_panel.photo", "pk": 43, "fields": {"img": "1686734144.058705.jpg", "gallery": null}}, {"model": "admin_panel.photo", "pk": 44, "fields": {"img": "1686734144.067007.jpg", "gallery": null}}, {"model": "admin_panel.photo", "pk": 45, "fields": {"img": "1686734511.923885.jpg", "gallery": null}}, {"model": "admin_panel.photo", "pk": 46, "fields": {"img": "1686734655.549997.jpeg", "gallery": null}}, {"model": "admin_panel.photo", "pk": 47, "fields": {"img": "1686734655.558287.jpeg", "gallery": null}}, {"model": "admin_panel.photo", "pk": 48, "fields": {"img": "", "gallery": null}}, {"model": "admin_panel.photo", "pk": 49, "fields": {"img": "", "gallery": null}}, {"model": "admin_panel.photo", "pk": 50, "fields": {"img": "", "gallery": null}}, {"model": "admin_panel.photo", "pk": 51, "fields": {"img": "1686734768.648996.jpg", "gallery": null}}, {"model": "admin_panel.photo", "pk": 52, "fields": {"img": "1686734768.657292.jpg", "gallery": null}}, {"model": "admin_panel.photo", "pk": 53, "fields": {"img": "", "gallery": null}}, {"model": "admin_panel.photo", "pk": 54, "fields": {"img": "", "gallery": null}}, {"model": "admin_panel.photo", "pk": 55, "fields": {"img": "", "gallery": null}}, {"model": "admin_panel.photo", "pk": 56, "fields": {"img": "1686735507.406214.jpg", "gallery": 50}}, {"model": "admin_panel.photo", "pk": 57, "fields": {"img": "", "gallery": 50}}, {"model": "admin_panel.photo", "pk": 58, "fields": {"img": "", "gallery": 50}}, {"model": "admin_panel.photo", "pk": 59, "fields": {"img": "", "gallery": 50}}, {"model": "admin_panel.photo", "pk": 60, "fields": {"img": "1686736475.429045.jpg", "gallery": 50}}, {"model": "admin_panel.photo", "pk": 61, "fields": {"img": "1686758390.815844.jpg", "gallery": null}}, {"model": "admin_panel.photo", "pk": 62, "fields": {"img": "1687592886.190205.jpg", "gallery": null}}, {"model": "admin_panel.photo", "pk": 63, "fields": {"img": "", "gallery": null}}, {"model": "admin_panel.photo", "pk": 64, "fields": {"img": "", "gallery": null}}, {"model": "admin_panel.photo", "pk": 65, "fields": {"img": "", "gallery": null}}, {"model": "admin_panel.photo", "pk": 66, "fields": {"img": "", "gallery": null}}, {"model": "admin_panel.photo", "pk": 67, "fields": {"img": "", "gallery": null}}, {"model": "admin_panel.photo", "pk": 68, "fields": {"img": "", "gallery": null}}, {"model": "admin_panel.photo", "pk": 69, "fields": {"img": "", "gallery": null}}, {"model": "admin_panel.photo", "pk": 70, "fields": {"img": "", "gallery": null}}, {"model": "admin_panel.photo", "pk": 71, "fields": {"img": "", "gallery": null}}, {"model": "admin_panel.photo", "pk": 72, "fields": {"img": "", "gallery": null}}, {"model": "admin_panel.photo", "pk": 73, "fields": {"img": "", "gallery": null}}, {"model": "admin_panel.photo", "pk": 74, "fields": {"img": "", "gallery": null}}, {"model": "admin_panel.photo", "pk": 75, "fields": {"img": "", "gallery": null}}, {"model": "admin_panel.photo", "pk": 76, "fields": {"img": "", "gallery": null}}, {"model": "admin_panel.photo", "pk": 77, "fields": {"img": "", "gallery": null}}, {"model": "admin_panel.photo", "pk": 78, "fields": {"img": "", "gallery": null}}, {"model": "admin_panel.photo", "pk": 79, "fields": {"img": "", "gallery": null}}, {"model": "admin_panel.photo", "pk": 80, "fields": {"img": "", "gallery": null}}, {"model": "admin_panel.photo", "pk": 81, "fields": {"img": "", "gallery": null}}, {"model": "admin_panel.photo", "pk": 82, "fields": {"img": "", "gallery": null}}, {"model": "admin_panel.photo", "pk": 83, "fields": {"img": "", "gallery": null}}, {"model": "admin_panel.photo", "pk": 84, "fields": {"img": "", "gallery": null}}, {"model": "admin_panel.photo", "pk": 85, "fields": {"img": "", "gallery": null}}, {"model": "admin_panel.photo", "pk": 86, "fields": {"img": "", "gallery": null}}, {"model": "admin_panel.photo", "pk": 87, "fields": {"img": "", "gallery": null}}, {"model": "admin_panel.photo", "pk": 88, "fields": {"img": "", "gallery": null}}, {"model": "admin_panel.photo", "pk": 89, "fields": {"img": "", "gallery": null}}, {"model": "admin_panel.photo", "pk": 90, "fields": {"img": "", "gallery": null}}, {"model": "admin_panel.photo", "pk": 91, "fields": {"img": "", "gallery": null}}, {"model": "admin_panel.photo", "pk": 92, "fields": {"img": "", "gallery": null}}, {"model": "admin_panel.photo", "pk": 93, "fields": {"img": "", "gallery": null}}, {"model": "admin_panel.photo", "pk": 94, "fields": {"img": "", "gallery": null}}, {"model": "admin_panel.photo", "pk": 95, "fields": {"img": "", "gallery": null}}, {"model": "admin_panel.photo", "pk": 96, "fields": {"img": "", "gallery": null}}, {"model": "admin_panel.photo", "pk": 97, "fields": {"img": "", "gallery": null}}, {"model": "admin_panel.photo", "pk": 98, "fields": {"img": "", "gallery": null}}, {"model": "admin_panel.photo", "pk": 99, "fields": {"img": "", "gallery": null}}, {"model": "admin_panel.photo", "pk": 100, "fields": {"img": "", "gallery": null}}, {"model": "admin_panel.photo", "pk": 101, "fields": {"img": "", "gallery": null}}, {"model": "admin_panel.photo", "pk": 102, "fields": {"img": "", "gallery": null}}, {"model": "admin_panel.photo", "pk": 103, "fields": {"img": "", "gallery": null}}, {"model": "admin_panel.photo", "pk": 104, "fields": {"img": "", "gallery": null}}, {"model": "admin_panel.photo", "pk": 105, "fields": {"img": "", "gallery": null}}, {"model": "admin_panel.photo", "pk": 106, "fields": {"img": "", "gallery": null}}, {"model": "admin_panel.photo", "pk": 107, "fields": {"img": "", "gallery": null}}, {"model": "admin_panel.photo", "pk": 108, "fields": {"img": "", "gallery": null}}, {"model": "admin_panel.photo", "pk": 109, "fields": {"img": "", "gallery": null}}, {"model": "admin_panel.photo", "pk": 110, "fields": {"img": "", "gallery": null}}, {"model": "admin_panel.photo", "pk": 111, "fields": {"img": "", "gallery": null}}, {"model": "admin_panel.photo", "pk": 112, "fields": {"img": "", "gallery": null}}, {"model": "admin_panel.photo", "pk": 113, "fields": {"img": "", "gallery": null}}, {"model": "admin_panel.photo", "pk": 114, "fields": {"img": "", "gallery": null}}, {"model": "admin_panel.photo", "pk": 115, "fields": {"img": "", "gallery": null}}, {"model": "admin_panel.photo", "pk": 116, "fields": {"img": "", "gallery": null}}, {"model": "admin_panel.photo", "pk": 117, "fields": {"img": "", "gallery": null}}, {"model": "admin_panel.photo", "pk": 118, "fields": {"img": "", "gallery": null}}, {"model": "admin_panel.photo", "pk": 119, "fields": {"img": "", "gallery": null}}, {"model": "admin_panel.photo", "pk": 120, "fields": {"img": "", "gallery": null}}, {"model": "admin_panel.photo", "pk": 121, "fields": {"img": "", "gallery": null}}, {"model": "admin_panel.photo", "pk": 122, "fields": {"img": "", "gallery": null}}, {"model": "admin_panel.photo", "pk": 123, "fields": {"img": "", "gallery": null}}, {"model": "admin_panel.photo", "pk": 124, "fields": {"img": "", "gallery": null}}, {"model": "admin_panel.photo", "pk": 125, "fields": {"img": "", "gallery": null}}, {"model": "admin_panel.photo", "pk": 126, "fields": {"img": "", "gallery": null}}, {"model": "admin_panel.photo", "pk": 127, "fields": {"img": "", "gallery": null}}, {"model": "admin_panel.photo", "pk": 128, "fields": {"img": "", "gallery": null}}, {"model": "admin_panel.photo", "pk": 129, "fields": {"img": "", "gallery": null}}, {"model": "admin_panel.photo", "pk": 130, "fields": {"img": "", "gallery": null}}, {"model": "admin_panel.photo", "pk": 131, "fields": {"img": "", "gallery": null}}, {"model": "admin_panel.photo", "pk": 132, "fields": {"img": "", "gallery": null}}, {"model": "admin_panel.photo", "pk": 133, "fields": {"img": "", "gallery": null}}, {"model": "admin_panel.photo", "pk": 134, "fields": {"img": "", "gallery": null}}, {"model": "admin_panel.photo", "pk": 135, "fields": {"img": "", "gallery": null}}, {"model": "admin_panel.photo", "pk": 136, "fields": {"img": "", "gallery": null}}, {"model": "admin_panel.photo", "pk": 137, "fields": {"img": "", "gallery": null}}, {"model": "admin_panel.photo", "pk": 138, "fields": {"img": "", "gallery": null}}, {"model": "admin_panel.photo", "pk": 139, "fields": {"img": "", "gallery": null}}, {"model": "admin_panel.photo", "pk": 140, "fields": {"img": "", "gallery": null}}, {"model": "admin_panel.photo", "pk": 141, "fields": {"img": "", "gallery": null}}, {"model": "admin_panel.photo", "pk": 142, "fields": {"img": "", "gallery": null}}, {"model": "admin_panel.photo", "pk": 143, "fields": {"img": "", "gallery": null}}, {"model": "admin_panel.photo", "pk": 144, "fields": {"img": "", "gallery": null}}, {"model": "admin_panel.photo", "pk": 145, "fields": {"img": "", "gallery": null}}, {"model": "admin_panel.photo", "pk": 146, "fields": {"img": "", "gallery": null}}, {"model": "admin_panel.photo", "pk": 147, "fields": {"img": "", "gallery": null}}, {"model": "admin_panel.photo", "pk": 148, "fields": {"img": "", "gallery": null}}, {"model": "admin_panel.photo", "pk": 149, "fields": {"img": "", "gallery": null}}, {"model": "admin_panel.photo", "pk": 150, "fields": {"img": "", "gallery": null}}, {"model": "admin_panel.photo", "pk": 151, "fields": {"img": "", "gallery": null}}, {"model": "admin_panel.photo", "pk": 152, "fields": {"img": "", "gallery": null}}, {"model": "admin_panel.photo", "pk": 153, "fields": {"img": "", "gallery": null}}, {"model": "admin_panel.photo", "pk": 154, "fields": {"img": "", "gallery": null}}, {"model": "admin_panel.photo", "pk": 155, "fields": {"img": "", "gallery": null}}, {"model": "admin_panel.photo", "pk": 156, "fields": {"img": "", "gallery": null}}, {"model": "admin_panel.photo", "pk": 157, "fields": {"img": "", "gallery": null}}, {"model": "admin_panel.photo", "pk": 158, "fields": {"img": "", "gallery": null}}, {"model": "admin_panel.photo", "pk": 159, "fields": {"img": "", "gallery": null}}, {"model": "admin_panel.photo", "pk": 160, "fields": {"img": "", "gallery": null}}, {"model": "admin_panel.photo", "pk": 161, "fields": {"img": "", "gallery": null}}, {"model": "admin_panel.photo", "pk": 162, "fields": {"img": "", "gallery": null}}, {"model": "admin_panel.photo", "pk": 163, "fields": {"img": "", "gallery": null}}, {"model": "admin_panel.photo", "pk": 164, "fields": {"img": "", "gallery": null}}, {"model": "admin_panel.photo", "pk": 165, "fields": {"img": "", "gallery": null}}, {"model": "admin_panel.photo", "pk": 166, "fields": {"img": "", "gallery": null}}, {"model": "admin_panel.photo", "pk": 167, "fields": {"img": "", "gallery": null}}, {"model": "admin_panel.photo", "pk": 168, "fields": {"img": "", "gallery": null}}, {"model": "admin_panel.photo", "pk": 169, "fields": {"img": "", "gallery": null}}, {"model": "admin_panel.photo", "pk": 170, "fields": {"img": "", "gallery": null}}, {"model": "admin_panel.infophoto", "pk": 1, "fields": {"title": "Магазины, Банки, Школы", "description": "Район расположения жилого комплекса  имеет всю необходимую для проживания социальную инфраструктуру – в непосредственной близости находятся лечебно-профилактические учреждения, аптеки, магазины, отделения банков, частные и коммерческие детские сады, школы", "img": "1688157863.67311.jpeg", "gallery": 1}}, {"model": "admin_panel.infophoto", "pk": 2, "fields": {"title": "Рестораны и Кафе", "description": "В непосредственной близости от жилого комплекса&nbsp; расположены рыбный ресторан&nbsp; и итальянская пиццерия. Кроме того, всего в десяти минутах ходьбы от комплекса находятся  рестораны испанской, итальянской, американской, украинской и русской кухни, пиццерии, кафе и лаунж-бары на любой вкус.", "img": "1688157863.694088.jpeg", "gallery": 1}}, {"model": "admin_panel.infophoto", "pk": 3, "fields": {"title": "Пляж", "description": "Жилой комплекс расположен на берегу Черного моря в районе Аркадия. В десяти минутах ходьбы от него находится знаменитые пляжи Аркадия и Чайка, а чуть дальше – пляжи курортный, 13-ая станция Большого Фонтана, Пляжник и другие знаменитые пляжи Одессы!", "img": "1688157863.722949.jpeg", "gallery": 1}}, {"model": "admin_panel.infophoto", "pk": 4, "fields": {"title": "Спортивный Комплекс", "description": "Всего в 5 минутах ходьбы от жилого комплекса  находится Спортивный комплекс Международного гуманитарного университета - это современный оборудованный комплекс с залами для проведения волейбольных соревнований, соревнований по танцам и борьбе и других спортивных мероприятий!", "img": "1688157863.731401.jpeg", "gallery": 1}}, {"model": "admin_panel.infophoto", "pk": 5, "fields": {"title": "Клубная Жизнь", "description": "Район расположения жилого комплекса&nbsp; Аркадия является культовым местом ночного отдыха и развлечения – буквально в 5-10 минутах ходьбы от комплекса находятся такие места сосредоточения клубной жизни страны!", "img": "1688157863.739538.jpeg", "gallery": 1}}, {"model": "admin_panel.infophoto", "pk": 6, "fields": {"title": "Удобная транспортная развязка", "description": "ЖК&nbsp; расположена  на берегу Черного моря в районе Аркадии и имеет удобную транспортную развязку, позволяющую даже в час Пик быстро и без проблем доехать в течение десяти минут до центра города или выехать на автострады Одесской обл!", "img": "1688157863.748162.jpeg", "gallery": 1}}, {"model": "admin_panel.infophoto", "pk": 9, "fields": {"title": "Услуга сайт 1", "description": "Услуга сайт 1", "img": "1687332144.990928.jpg", "gallery": 5}}, {"model": "admin_panel.infophoto", "pk": 10, "fields": {"title": "Услуга сайт 2", "description": "Услуга сайт 2", "img": "1687336961.643618.jpg", "gallery": null}}, {"model": "admin_panel.infophoto", "pk": 11, "fields": {"title": "12", "description": "12", "img": "1687340325.452154.jpg", "gallery": null}}, {"model": "admin_panel.infophoto", "pk": 12, "fields": {"title": "22", "description": "12", "img": "1687340557.752878.jpg", "gallery": null}}, {"model": "admin_panel.infophoto", "pk": 13, "fields": {"title": "12", "description": "1", "img": "1687340685.54933.jpg", "gallery": null}}, {"model": "admin_panel.infophoto", "pk": 14, "fields": {"title": "12", "description": "1", "img": "1687340685.570273.jpg", "gallery": null}}, {"model": "admin_panel.infophoto", "pk": 15, "fields": {"title": "11", "description": "11", "img": "1687340768.583929.jpg", "gallery": null}}, {"model": "admin_panel.infophoto", "pk": 16, "fields": {"title": "12", "description": "12", "img": "1687340768.592362.jpg", "gallery": null}}, {"model": "admin_panel.infophoto", "pk": 17, "fields": {"title": "1", "description": "1", "img": "1687344839.560982.jpg", "gallery": null}}, {"model": "admin_panel.infophoto", "pk": 18, "fields": {"title": "22", "description": "22", "img": "1687345184.053854.jpg", "gallery": 5}}, {"model": "admin_panel.infophoto", "pk": 24, "fields": {"title": "321", "description": "", "img": "1687349991.362826.jpg", "gallery": 4}}, {"model": "admin_panel.seo", "pk": 1, "fields": {"title": "Главная", "description": "Главная", "keywords": "Главная"}}, {"model": "admin_panel.seo", "pk": 2, "fields": {"title": "О нас", "description": "О нас", "keywords": "О нас"}}, {"model": "admin_panel.seo", "pk": 3, "fields": {"title": "Система \"МОЙ ДОМ 24\" - Контакты", "description": "Украина, г. Одесса, Космонавтов, 32   Телефон, Viber: +38 097 179-96-63  Telegram: SergeyMeleshkevych  Skype: SergeyMeleshkevych", "keywords": "Система, МОЙ ДОМ 24, Контакты"}}, {"model": "admin_panel.seo", "pk": 4, "fields": {"title": "Тариф сайт", "description": "Тариф сайт", "keywords": "Тариф сайт"}}, {"model": "admin_panel.seo", "pk": 6, "fields": {"title": "Услуги сайт 1", "description": "Услуги сайт 1", "keywords": "Услуги сайт 1"}}, {"model": "admin_panel.aboutus", "pk": 1, "fields": {"title": "О управляющей компании", "description": "<p><u>К</u><i></i><b><u>омп</u></b><b><i></i><i></i></b><u>ания</u>-застройщик не тольк<i></i>о со<b></b>здала этот объект для своих покупателей, но и после окончания строительства взяла на себя все услуги по обеспечению удобного проживания своих жильцов. Для этого была организована управляющая компания «Морская симфония», которая осуществляет комплексное обслуживание коммунальной сферы жизнедеятельности своих клиентов.<br></p><p><i>Миссией управляющей компании является такая схема взаимодействия с жильцами дома, при которой услуги компании не отвлекают их от проживания и отдыха и создают максимально комфортную экосистему в доме. Незаметный сервис и максимально эффективная работа являются визитной карточкой компании.</i></p><p><br>В функции управляющей компании входят как содержание и управление хозяйством комплекса, так и охраняемой придомовой территории – уборка, техническое обслуживание лифтового хозяйства, системы электро и водоснабжения дома, котельной и пожарной систем, диспетчеризация, охрана, содержание придомовой территории и многое другое. В штате компании собраны только профессионалы своего дела, которые помогут жильцам в самых трудных и критических ситуациях решить их жилищно-коммунальные проблемы семь дней в неделю круглосуточно – электрики и сантехники, инженеры, монтеры и другие специалисты имеют многолетний опыт и высокий уровень квалификации. </p><p>Все это делает жилой комплекс&nbsp; уникальным, комфортным и безопасным местом для проживания и отдыха всей семьи круглый год. Доверьте заботу о вашем доме и вашей квартире управляющей компании&nbsp; и вы сможете круглый год наслаждаться проживанием на берегу моря и прекрасной природой Одессы.</p><b></b>", "extra_title": "О нас дополнительно", "extra_description": "<p>Главной обязанностью управляющей компании является поддержка комфортных условий для жильцов, оперативное реагирование на их просьбы и пожелания</p><p><b>К дополнительным услугам управляющей компании также относятся: 24-часовая охрана придомовой территории и паркинга, уборка территории и вывоз мусора, обслуживание пирса и пляжа. Также при желании жильцы дома могут заказать любые строительно-ремонтные работы от штатной бригады компании</b></p>", "director_photo": "1686142593.420688.jpeg", "gallery": 2, "extra_gallery": 3, "seo": 2}}, {"model": "admin_panel.aboutusdocument", "pk": 3, "fields": {"file": "docs/2012-chevrolet-sonic_100336906_h.jpg", "name": "car", "about_us": 1}}, {"model": "admin_panel.aboutusdocument", "pk": 4, "fields": {"file": "docs/download_1.jpeg", "name": "grass", "about_us": 1}}, {"model": "admin_panel.aboutusdocument", "pk": 5, "fields": {"file": "docs/55871102.pdf", "name": "smthg", "about_us": 1}}, {"model": "admin_panel.aboutusdocument", "pk": 7, "fields": {"file": "docs/1549875104_kamaz-nowa-generacja-1.jpg", "name": "233", "about_us": 1}}, {"model": "admin_panel.aboutusdocument", "pk": 8, "fields": {"file": "docs/2012-chevrolet-sonic_100336906_h_VSWGe7l.jpg", "name": "1234", "about_us": 1}}, {"model": "admin_panel.mainpage", "pk": 1, "fields": {"title": "Главная", "description": "<p><b>&nbsp; &nbsp;Жилой комплекс «NORD» расположен&nbsp; на берегу Черного моря в живописном районе Одессы. Оригинальная архитектура комплекса делает его уникальным объектом не только для Одессы, но и для всей Украины – дом прекрасно вписывается в архитектуру берега и открывает свои жильцам и гостям прекрасный вид на бескрайнее море. Ярким преимуществом жилого комплекса является его месторасположения – удобная транспортная развязка, социальная инфраструктура, парк и прекрасный морской воздух создают все условия для комфортного проживания.</b></p>", "gallery": 1, "seo": 1, "show_app_links": true}}, {"model": "admin_panel.sevicesite", "pk": 1, "fields": {"gallery": 5, "seo": 6}}, {"model": "admin_panel.tariffsite", "pk": 1, "fields": {"title": "Тариф сайт 1", "description": "Тариф сайт 1", "gallery": 4, "seo": 4}}, {"model": "admin_panel.contacts", "pk": 1, "fields": {"title": "Разработчик системы \"Мой Дом 24\"", "description": "<p>Разработчиком системы&nbsp;<i><b>\"Мой Дом 24\"</b></i> является компания<b> AVADA-MEDIA </b>- компания специализирующаяся на разработке web и мобильных приложений разного уровня сложности, но неизменно высокого качества&nbsp;</p><p><b><i>Официальный сайт компании -&nbsp;</i></b><a target=\"_blank\" rel=\"nofollow\" href=\"https://avada-media.ua/\" title=\"Link: https://avada-media.ua/\"><b><i></i></b><u></u>https://avada-media.ua/</a></p>", "full_name": "AVADA-MEDIA", "location": "ул. Космонавтов, 32", "address": "Малиновский р-н, г. Одесса", "email": "info@avada-media.com.ua", "phone": "+38 (098) 567-81-23", "site_link": "https://avada-media.ua/moydom24/", "coordinate": "<div style=\"width: 100%\"><iframe width=\"100%\" height=\"600\" frameborder=\"0\" scrolling=\"no\" marginheight=\"0\" marginwidth=\"0\" src=\"https://maps.google.com/maps?width=100%25&amp;height=600&amp;hl=en&amp;q=Odessa%20Ukraine%20Avada%20Media+(My%20Business%20Name)&amp;t=&amp;z=14&amp;ie=UTF8&amp;iwloc=B&amp;output=embed\"><a href=\"https://www.maps.ie/distance-area-calculator.html\">measure acres/hectares on map</a></iframe></div>", "seo": 3}}, {"model": "admin_panel.house", "pk": 41, "fields": {"title": "ЖК Счастье", "address": "ЖК Счастье", "gallery": 50}}, {"model": "admin_panel.houseuser", "pk": 16, "fields": {"house": 41, "user": 4}}, {"model": "admin_panel.houseuser", "pk": 17, "fields": {"house": 41, "user": 4}}, {"model": "admin_panel.flat", "pk": 34, "fields": {"number": "1", "square": null, "house": 41, "tariff": null, "section": null, "floor": null, "flat_owner": 14}}, {"model": "admin_panel.flat", "pk": 35, "fields": {"number": "2", "square": "155.00", "house": 41, "tariff": 3, "section": 13, "floor": 34, "flat_owner": 14}}, {"model": "admin_panel.flat", "pk": 42, "fields": {"number": "3", "square": "155.00", "house": 41, "tariff": 5, "section": 13, "floor": 34, "flat_owner": 14}}, {"model": "admin_panel.flat", "pk": 58, "fields": {"number": "5", "square": "155.00", "house": 41, "tariff": 35, "section": 10, "floor": 33, "flat_owner": null}}, {"model": "admin_panel.section", "pk": 10, "fields": {"title": "Секция 1", "house": 41}}, {"model": "admin_panel.section", "pk": 13, "fields": {"title": "Секция 2", "house": 41}}, {"model": "admin_panel.section", "pk": 14, "fields": {"title": "Секция 3", "house": 41}}, {"model": "admin_panel.floor", "pk": 33, "fields": {"title": "Этаж 1", "house": 41}}, {"model": "admin_panel.floor", "pk": 34, "fields": {"title": "Этаж 2", "house": 41}}, {"model": "admin_panel.customuser", "pk": 7, "fields": {"password": "pbkdf2_sha256$600000$61q8ZA5pzse9O1RYjI2j5x$zpVl1TRuzmp+SCV/PpFx5qV3d/mIk/yp/Lzhm4m6UkY=", "last_login": "2023-07-21T19:42:22.938Z", "is_superuser": false, "first_name": "Директор", "last_name": "Директоров", "is_staff": true, "is_active": true, "email": "admin@admin.com", "avatar": "", "phone": "+38 (068) 512-23-16", "status": "active", "date_joined": "2023-06-11", "groups": [], "user_permissions": []}}, {"model": "admin_panel.customuser", "pk": 28, "fields": {"password": "pbkdf2_sha256$600000$CEJfx9b34cpOmWovxpOZRl$NAHDbHxVaDER1dUdvRtK74e9h0UJv9Ym2tOsCzREUzA=", "last_login": "2023-07-21T19:56:41.253Z", "is_superuser": false, "first_name": "Имя", "last_name": "Фамилия", "is_staff": false, "is_active": true, "email": "hushchyn507@gmail.com", "avatar": "1689086441.369919.jpeg", "phone": "+38 (068) 512-23-16", "status": "new", "date_joined": "2023-07-13", "groups": [], "user_permissions": []}}, {"model": "admin_panel.customuser", "pk": 34, "fields": {"password": "pbkdf2_sha256$600000$tMGEgsztj2LwUUCUXAqRAQ$zhv/FLvnVGgH4mQvOYwOX49WwLi1BaTKmkkih0/a55s=", "last_login": "2023-07-21T12:55:52.358Z", "is_superuser": false, "first_name": "Алексей", "last_name": "Алексеев", "is_staff": true, "is_active": true, "email": "manager@manager.com", "avatar": "", "phone": "+38 (068) 512-23-16", "status": "active", "date_joined": "2023-07-15", "groups": [], "user_permissions": []}}, {"model": "admin_panel.personal", "pk": 4, "fields": {"user": 7, "role": "director"}}, {"model": "admin_panel.personal", "pk": 8, "fields": {"user": 34, "role": "manager"}}, {"model": "admin_panel.flatowner", "pk": 14, "fields": {"ID": "ID-22222", "user": 28, "patronymic": "Отчество", "viber": "viber", "telegram": "@tele_nick", "bio": "Немного  о себе...", "birthday": "2023-07-07"}}, {"model": "admin_panel.role", "pk": 1, "fields": {"name": "director", "statistics": true, "paybox": true, "receipt": true, "personal_account": true, "flat": true, "flat_owner": true, "house": true, "mailbox": true, "application": true, "indication": true, "manage_site": true, "service": true, "tariff": true, "role": true, "users": true, "payment_detail": true, "payment_article": true}}, {"model": "admin_panel.role", "pk": 2, "fields": {"name": "manager", "statistics": true, "paybox": true, "receipt": true, "personal_account": true, "flat": true, "flat_owner": true, "house": true, "mailbox": true, "application": true, "indication": true, "manage_site": true, "service": true, "tariff": true, "role": true, "users": false, "payment_detail": true, "payment_article": true}}, {"model": "admin_panel.role", "pk": 3, "fields": {"name": "accountant", "statistics": true, "paybox": true, "receipt": true, "personal_account": true, "flat": true, "flat_owner": true, "house": true, "mailbox": true, "application": true, "indication": true, "manage_site": true, "service": true, "tariff": true, "role": true, "users": false, "payment_detail": true, "payment_article": true}}, {"model": "admin_panel.role", "pk": 4, "fields": {"name": "electrician", "statistics": false, "paybox": false, "receipt": false, "personal_account": false, "flat": false, "flat_owner": false, "house": false, "mailbox": true, "application": true, "indication": false, "manage_site": false, "service": false, "tariff": false, "role": false, "users": false, "payment_detail": false, "payment_article": false}}, {"model": "admin_panel.role", "pk": 5, "fields": {"name": "plumber", "statistics": false, "paybox": false, "receipt": false, "personal_account": false, "flat": false, "flat_owner": false, "house": false, "mailbox": true, "application": true, "indication": false, "manage_site": false, "service": false, "tariff": false, "role": false, "users": false, "payment_detail": false, "payment_article": false}}, {"model": "admin_panel.role", "pk": 6, "fields": {"name": "locksmith", "statistics": false, "paybox": false, "receipt": false, "personal_account": false, "flat": false, "flat_owner": false, "house": false, "mailbox": true, "application": true, "indication": false, "manage_site": false, "service": false, "tariff": false, "role": false, "users": false, "payment_detail": false, "payment_article": false}}, {"model": "admin_panel.tariffsystem", "pk": 3, "fields": {"title": "Тариф 1", "description": "Тариф 1", "date_edited": "2023-06-24T18:21:52.785Z"}}, {"model": "admin_panel.tariffsystem", "pk": 4, "fields": {"title": "Тариф 2", "description": "Тариф 2", "date_edited": "2023-06-05T14:03:41.788Z"}}, {"model": "admin_panel.tariffsystem", "pk": 5, "fields": {"title": "Тариф 3", "description": "Тариф 3", "date_edited": "2023-06-25T12:15:23.280Z"}}, {"model": "admin_panel.tariffsystem", "pk": 35, "fields": {"title": "Тариф 4", "description": "Тариф 4", "date_edited": "2023-06-06T12:42:05.087Z"}}, {"model": "admin_panel.tariffsystem", "pk": 39, "fields": {"title": "15", "description": "15", "date_edited": "2023-06-26T19:05:00.640Z"}}, {"model": "admin_panel.tariffservice", "pk": 33, "fields": {"price": "150.00", "currency": "грн", "tariff": 3, "service": 18}}, {"model": "admin_panel.tariffservice", "pk": 34, "fields": {"price": "250.00", "currency": "грн", "tariff": 3, "service": 17}}, {"model": "admin_panel.tariffservice", "pk": 35, "fields": {"price": "150.00", "currency": "грн", "tariff": 35, "service": 18}}, {"model": "admin_panel.tariffservice", "pk": 36, "fields": {"price": "250.00", "currency": "грн", "tariff": 35, "service": 18}}, {"model": "admin_panel.tariffservice", "pk": 43, "fields": {"price": "150.00", "currency": "грн", "tariff": 5, "service": 14}}, {"model": "admin_panel.tariffservice", "pk": 44, "fields": {"price": "75.00", "currency": "грн", "tariff": 5, "service": 16}}, {"model": "admin_panel.tariffservice", "pk": 45, "fields": {"price": "15.50", "currency": "грн", "tariff": 39, "service": 14}}, {"model": "admin_panel.service", "pk": 13, "fields": {"title": "Уборка", "show_in_indication": true, "measure": 41}}, {"model": "admin_panel.service", "pk": 14, "fields": {"title": "Готовка", "show_in_indication": true, "measure": 42}}, {"model": "admin_panel.service", "pk": 16, "fields": {"title": "Охрана", "show_in_indication": true, "measure": 42}}, {"model": "admin_panel.service", "pk": 17, "fields": {"title": "Такси", "show_in_indication": true, "measure": 35}}, {"model": "admin_panel.service", "pk": 18, "fields": {"title": "Услуга 6", "show_in_indication": false, "measure": 38}}, {"model": "admin_panel.service", "pk": 21, "fields": {"title": "Газоснабжение", "show_in_indication": true, "measure": 35}}, {"model": "admin_panel.service", "pk": 22, "fields": {"title": "Уборка улиц", "show_in_indication": true, "measure": 41}}, {"model": "admin_panel.measure", "pk": 27, "fields": {"title": "кг"}}, {"model": "admin_panel.measure", "pk": 33, "fields": {"title": "ц"}}, {"model": "admin_panel.measure", "pk": 35, "fields": {"title": "т"}}, {"model": "admin_panel.measure", "pk": 38, "fields": {"title": "гр"}}, {"model": "admin_panel.measure", "pk": 41, "fields": {"title": "m²"}}, {"model": "admin_panel.measure", "pk": 42, "fields": {"title": "час"}}, {"model": "admin_panel.measure", "pk": 43, "fields": {"title": "мм"}}, {"model": "admin_panel.measure", "pk": 44, "fields": {"title": "см"}}, {"model": "admin_panel.paymentdetail", "pk": 1, "fields": {"title": "Ради прихода 1", "description": "платёжные реквизиты"}}, {"model": "admin_panel.article", "pk": 2, "fields": {"title": "Основной приход", "debit_credit": "plus"}}, {"model": "admin_panel.article", "pk": 4, "fields": {"title": "Прочий приход", "debit_credit": "plus"}}, {"model": "admin_panel.article", "pk": 5, "fields": {"title": "Прочий расход", "debit_credit": "minus"}}, {"model": "admin_panel.article", "pk": 6, "fields": {"title": "Основной расход", "debit_credit": "minus"}}, {"model": "admin_panel.article", "pk": 12, "fields": {"title": "Дополнительный приход", "debit_credit": "plus"}}, {"model": "admin_panel.personalaccount", "pk": 33, "fields": {"number": "7777-7777", "status": "active", "section": null, "house": null, "flat": null, "balance": "1000.00"}}, {"model": "admin_panel.paybox", "pk": 49, "fields": {"number": "98583-25788", "comment": "", "date_published": "2023-07-19", "total": "2000.00", "flat_owner": 14, "article": 4, "user": 4, "is_complete": true, "personal_account": null, "debit_credit": "plus"}}, {"model": "admin_panel.paybox", "pk": 50, "fields": {"number": "75989-44275", "comment": "", "date_published": "2023-07-19", "total": "3000.00", "flat_owner": 14, "article": 2, "user": 4, "is_complete": true, "personal_account": null, "debit_credit": "plus"}}, {"model": "admin_panel.paybox", "pk": 52, "fields": {"number": "77660-29798", "comment": "", "date_published": "2023-07-19", "total": "1500.00", "flat_owner": 14, "article": 4, "user": 4, "is_complete": true, "personal_account": null, "debit_credit": "plus"}}, {"model": "admin_panel.paybox", "pk": 53, "fields": {"number": "06609-24450", "comment": "", "date_published": "2023-07-19", "total": "1500.00", "flat_owner": null, "article": 5, "user": 4, "is_complete": true, "personal_account": null, "debit_credit": "minus"}}, {"model": "admin_panel.paybox", "pk": 55, "fields": {"number": "13268-45596", "comment": "", "date_published": "2023-07-19", "total": "1000.00", "flat_owner": null, "article": 4, "user": 4, "is_complete": true, "personal_account": null, "debit_credit": "plus"}}, {"model": "admin_panel.paybox", "pk": 56, "fields": {"number": "93239-71132", "comment": "", "date_published": "2023-07-19", "total": "1000.00", "flat_owner": null, "article": 2, "user": 4, "is_complete": true, "personal_account": null, "debit_credit": "plus"}}, {"model": "admin_panel.paybox", "pk": 57, "fields": {"number": "78924-28110", "comment": "", "date_published": "2023-07-21", "total": "1000.00", "flat_owner": null, "article": 4, "user": 8, "is_complete": true, "personal_account": 33, "debit_credit": "plus"}}, {"model": "admin_panel.receipt", "pk": 63, "fields": {"number": "32459-97860", "is_complete": true, "date_published": "2023-07-19", "status": "unpaid", "start_date": "2023-03-19", "end_date": "2023-03-19", "flat": 42, "tariff": 5, "total_price": "1051.50", "service": []}}, {"model": "admin_panel.receipt", "pk": 65, "fields": {"number": "74317-78072", "is_complete": true, "date_published": "2023-06-15", "status": "unpaid", "start_date": "2023-03-19", "end_date": "2023-03-19", "flat": 34, "tariff": 3, "total_price": "2900.00", "service": []}}, {"model": "admin_panel.receipt", "pk": 67, "fields": {"number": "72744-74874", "is_complete": true, "date_published": "2023-07-19", "status": "unpaid", "start_date": "2023-03-19", "end_date": "2023-03-19", "flat": 34, "tariff": 35, "total_price": "3575.00", "service": []}}, {"model": "admin_panel.receiptexceldoc", "pk": 27, "fields": {"title": "Шаблон 5", "file": "receipt/account_transaction.xls", "by_default": false}}, {"model": "admin_panel.receiptexceldoc", "pk": 28, "fields": {"title": "Шаблон 6", "file": "receipt/account_transaction_5rptbGM.xls", "by_default": false}}, {"model": "admin_panel.receiptexceldoc", "pk": 30, "fields": {"title": "Шаблон 7", "file": "receipt/tpl-62.xlsx", "by_default": true}}, {"model": "admin_panel.receiptexceldoc", "pk": 31, "fields": {"title": "10", "file": "receipt/info.xlsx", "by_default": false}}, {"model": "admin_panel.receiptservice", "pk": 104, "fields": {"unit_price": "150.00", "consumption": "7.01", "receipt": 63, "service": 14, "measure": 42}}, {"model": "admin_panel.receiptservice", "pk": 106, "fields": {"unit_price": "250.00", "consumption": "5.00", "receipt": 65, "service": 17, "measure": 35}}, {"model": "admin_panel.receiptservice", "pk": 107, "fields": {"unit_price": "150.00", "consumption": "11.00", "receipt": 65, "service": 18, "measure": 38}}, {"model": "admin_panel.receiptservice", "pk": 110, "fields": {"unit_price": "250.00", "consumption": "10.00", "receipt": 67, "service": 14, "measure": 38}}, {"model": "admin_panel.receiptservice", "pk": 111, "fields": {"unit_price": "150.00", "consumption": "2.00", "receipt": 67, "service": 13, "measure": 38}}, {"model": "admin_panel.receiptservice", "pk": 112, "fields": {"unit_price": "15.00", "consumption": "15.00", "receipt": 67, "service": 21, "measure": 41}}, {"model": "admin_panel.receiptservice", "pk": 113, "fields": {"unit_price": "22.00", "consumption": "25.00", "receipt": 67, "service": 22, "measure": 27}}, {"model": "admin_panel.indication", "pk": 4, "fields": {"number": "63053-62899", "indication_val": "4.0", "date_published": "2023-06-19", "status": "new", "service": 13, "flat": 35}}, {"model": "admin_panel.indication", "pk": 5, "fields": {"number": "03744-06766", "indication_val": "12.0", "date_published": "2023-06-18", "status": "new", "service": 16, "flat": 35}}, {"model": "admin_panel.indication", "pk": 6, "fields": {"number": "12413-95306", "indication_val": "101.0", "date_published": "2023-06-18", "status": "new", "service": 16, "flat": 35}}, {"model": "admin_panel.indication", "pk": 7, "fields": {"number": "63489-53649", "indication_val": "21.0", "date_published": "2023-06-18", "status": "new", "service": 13, "flat": 35}}, {"model": "admin_panel.indication", "pk": 8, "fields": {"number": "20752-98829", "indication_val": "33.0", "date_published": "2023-06-18", "status": "new", "service": 16, "flat": 35}}, {"model": "admin_panel.indication", "pk": 9, "fields": {"number": "04892-97361", "indication_val": "331.0", "date_published": "2023-06-18", "status": "new", "service": 13, "flat": 35}}, {"model": "admin_panel.indication", "pk": 11, "fields": {"number": "08067-72201", "indication_val": "19.0", "date_published": "2023-06-18", "status": "new", "service": 16, "flat": 35}}, {"model": "admin_panel.indication", "pk": 12, "fields": {"number": "38804-30321", "indication_val": "1.0", "date_published": "2023-06-18", "status": "new", "service": 16, "flat": 34}}, {"model": "admin_panel.indication", "pk": 14, "fields": {"number": "69275-51600", "indication_val": "10.0", "date_published": "2023-06-10", "status": "new", "service": 17, "flat": 34}}, {"model": "admin_panel.indication", "pk": 15, "fields": {"number": "10955-44103", "indication_val": "81.0", "date_published": "2023-06-18", "status": "new", "service": 17, "flat": 34}}, {"model": "admin_panel.indication", "pk": 19, "fields": {"number": "78927-28471", "indication_val": "15.0", "date_published": "2023-06-21", "status": "new", "service": 14, "flat": 34}}, {"model": "admin_panel.indication", "pk": 32, "fields": {"number": "58085-29980", "indication_val": "0.1", "date_published": "2023-07-09", "status": "new", "service": 14, "flat": 35}}, {"model": "easy_thumbnails.source", "pk": 1, "fields": {"storage_hash": "0d677af76ca5bf5575d614e04932c3a4", "name": "1686131438.791238.png", "modified": "2023-06-07T10:24:55.588Z"}}, {"model": "easy_thumbnails.source", "pk": 2, "fields": {"storage_hash": "0d677af76ca5bf5575d614e04932c3a4", "name": "1686131438.799401.png", "modified": "2023-06-07T10:24:55.682Z"}}, {"model": "easy_thumbnails.source", "pk": 3, "fields": {"storage_hash": "0d677af76ca5bf5575d614e04932c3a4", "name": "1686131438.807785.png", "modified": "2023-06-07T10:24:55.749Z"}}, {"model": "easy_thumbnails.source", "pk": 4, "fields": {"storage_hash": "0d677af76ca5bf5575d614e04932c3a4", "name": "1686133999.886568.png", "modified": "2023-06-07T10:57:02.413Z"}}, {"model": "easy_thumbnails.source", "pk": 5, "fields": {"storage_hash": "0d677af76ca5bf5575d614e04932c3a4", "name": "1686135049.713028.png", "modified": "2023-06-07T10:57:02.512Z"}}, {"model": "easy_thumbnails.source", "pk": 6, "fields": {"storage_hash": "0d677af76ca5bf5575d614e04932c3a4", "name": "1686135049.722341.png", "modified": "2023-06-07T10:57:02.609Z"}}, {"model": "easy_thumbnails.source", "pk": 7, "fields": {"storage_hash": "0d677af76ca5bf5575d614e04932c3a4", "name": "1686135483.066766.png", "modified": "2023-06-07T11:01:17.700Z"}}, {"model": "easy_thumbnails.source", "pk": 8, "fields": {"storage_hash": "0d677af76ca5bf5575d614e04932c3a4", "name": "1686135543.978363.jpg", "modified": "2023-06-07T11:01:17.783Z"}}, {"model": "easy_thumbnails.source", "pk": 9, "fields": {"storage_hash": "0d677af76ca5bf5575d614e04932c3a4", "name": "1686135543.986887.jpg", "modified": "2023-06-07T11:01:17.863Z"}}, {"model": "easy_thumbnails.source", "pk": 10, "fields": {"storage_hash": "0d677af76ca5bf5575d614e04932c3a4", "name": "1686135697.305068.jpg", "modified": "2023-06-07T11:01:37.448Z"}}, {"model": "easy_thumbnails.source", "pk": 11, "fields": {"storage_hash": "0d677af76ca5bf5575d614e04932c3a4", "name": "1686136932.943683.jpg", "modified": "2023-06-07T11:22:13.332Z"}}, {"model": "easy_thumbnails.source", "pk": 12, "fields": {"storage_hash": "0d677af76ca5bf5575d614e04932c3a4", "name": "1686136932.951783.jpg", "modified": "2023-06-07T11:22:13.431Z"}}, {"model": "easy_thumbnails.source", "pk": 13, "fields": {"storage_hash": "0d677af76ca5bf5575d614e04932c3a4", "name": "1686136932.960239.jpg", "modified": "2023-06-07T11:22:13.506Z"}}, {"model": "easy_thumbnails.source", "pk": 14, "fields": {"storage_hash": "0d677af76ca5bf5575d614e04932c3a4", "name": "1686136932.96836.jpg", "modified": "2023-06-07T11:22:13.579Z"}}, {"model": "easy_thumbnails.source", "pk": 15, "fields": {"storage_hash": "0d677af76ca5bf5575d614e04932c3a4", "name": "1686136932.977283.jpg", "modified": "2023-06-07T11:22:13.653Z"}}, {"model": "easy_thumbnails.source", "pk": 16, "fields": {"storage_hash": "0d677af76ca5bf5575d614e04932c3a4", "name": "1686136932.985102.jpeg", "modified": "2023-06-07T11:22:13.673Z"}}, {"model": "easy_thumbnails.source", "pk": 17, "fields": {"storage_hash": "0d677af76ca5bf5575d614e04932c3a4", "name": "1686142593.420688.jpeg", "modified": "2023-06-07T12:56:33.650Z"}}, {"model": "easy_thumbnails.source", "pk": 18, "fields": {"storage_hash": "0d677af76ca5bf5575d614e04932c3a4", "name": "1686146654.131546.jpg", "modified": "2023-06-07T14:08:38.659Z"}}, {"model": "easy_thumbnails.source", "pk": 19, "fields": {"storage_hash": "0d677af76ca5bf5575d614e04932c3a4", "name": "1686146654.141275.jpeg", "modified": "2023-06-07T14:08:38.698Z"}}, {"model": "easy_thumbnails.source", "pk": 20, "fields": {"storage_hash": "0d677af76ca5bf5575d614e04932c3a4", "name": "1686146676.524683.jpg", "modified": "2023-06-07T14:08:39.019Z"}}, {"model": "easy_thumbnails.source", "pk": 21, "fields": {"storage_hash": "0d677af76ca5bf5575d614e04932c3a4", "name": "1686146747.193639.jpg", "modified": "2023-06-07T14:08:39.138Z"}}, {"model": "easy_thumbnails.source", "pk": 22, "fields": {"storage_hash": "0d677af76ca5bf5575d614e04932c3a4", "name": "1686146768.447171.jpg", "modified": "2023-06-07T14:08:39.209Z"}}, {"model": "easy_thumbnails.source", "pk": 23, "fields": {"storage_hash": "0d677af76ca5bf5575d614e04932c3a4", "name": "1686146959.301849.jpg", "modified": "2023-06-07T14:09:29.498Z"}}, {"model": "easy_thumbnails.source", "pk": 24, "fields": {"storage_hash": "0d677af76ca5bf5575d614e04932c3a4", "name": "1686147052.024392.jpg", "modified": "2023-06-07T14:17:53.545Z"}}, {"model": "easy_thumbnails.source", "pk": 25, "fields": {"storage_hash": "0d677af76ca5bf5575d614e04932c3a4", "name": "1686147520.022817.jpg", "modified": "2023-06-07T14:18:40.394Z"}}, {"model": "easy_thumbnails.source", "pk": 26, "fields": {"storage_hash": "0d677af76ca5bf5575d614e04932c3a4", "name": "1686147717.285572.jpeg", "modified": "2023-06-07T14:21:57.378Z"}}, {"model": "easy_thumbnails.source", "pk": 27, "fields": {"storage_hash": "0d677af76ca5bf5575d614e04932c3a4", "name": "docs/ac7894efab1968ac593772bbdf0945ba.jpg", "modified": "2023-06-07T14:48:50.602Z"}}, {"model": "easy_thumbnails.source", "pk": 28, "fields": {"storage_hash": "0d677af76ca5bf5575d614e04932c3a4", "name": "docs/2012-chevrolet-sonic_100336906_h.jpg", "modified": "2023-06-07T15:08:58.297Z"}}, {"model": "easy_thumbnails.source", "pk": 29, "fields": {"storage_hash": "0d677af76ca5bf5575d614e04932c3a4", "name": "docs/1549875104_kamaz-nowa-generacja-1.jpg", "modified": "2023-06-07T15:19:25.719Z"}}, {"model": "easy_thumbnails.source", "pk": 30, "fields": {"storage_hash": "0d677af76ca5bf5575d614e04932c3a4", "name": "1686151617.67624.jpeg", "modified": "2023-06-07T15:26:57.871Z"}}, {"model": "easy_thumbnails.source", "pk": 31, "fields": {"storage_hash": "0d677af76ca5bf5575d614e04932c3a4", "name": "1686151617.727486.jpg", "modified": "2023-06-07T15:26:58.029Z"}}, {"model": "easy_thumbnails.source", "pk": 32, "fields": {"storage_hash": "0d677af76ca5bf5575d614e04932c3a4", "name": "1686151646.421197.jpg", "modified": "2023-06-07T15:27:26.587Z"}}, {"model": "easy_thumbnails.source", "pk": 33, "fields": {"storage_hash": "0d677af76ca5bf5575d614e04932c3a4", "name": "docs/2012-chevrolet-sonic_100336906_h_VSWGe7l.jpg", "modified": "2023-06-07T15:28:17.607Z"}}, {"model": "easy_thumbnails.source", "pk": 34, "fields": {"storage_hash": "0d677af76ca5bf5575d614e04932c3a4", "name": "1687330454.548673.jpeg", "modified": "2023-06-21T06:54:14.671Z"}}, {"model": "easy_thumbnails.source", "pk": 35, "fields": {"storage_hash": "0d677af76ca5bf5575d614e04932c3a4", "name": "1687330482.882744.jpg", "modified": "2023-06-21T06:54:43.005Z"}}, {"model": "easy_thumbnails.source", "pk": 36, "fields": {"storage_hash": "0d677af76ca5bf5575d614e04932c3a4", "name": "1687332144.990928.jpg", "modified": "2023-06-21T08:38:54.326Z"}}, {"model": "easy_thumbnails.source", "pk": 37, "fields": {"storage_hash": "0d677af76ca5bf5575d614e04932c3a4", "name": "1687345184.053854.jpg", "modified": "2023-06-21T10:59:44.209Z"}}, {"model": "easy_thumbnails.source", "pk": 38, "fields": {"storage_hash": "0d677af76ca5bf5575d614e04932c3a4", "name": "1687345207.283579.jpg", "modified": "2023-06-21T11:00:07.455Z"}}, {"model": "easy_thumbnails.source", "pk": 39, "fields": {"storage_hash": "0d677af76ca5bf5575d614e04932c3a4", "name": "1687346826.606142.jpg", "modified": "2023-06-21T11:27:06.770Z"}}, {"model": "easy_thumbnails.source", "pk": 40, "fields": {"storage_hash": "0d677af76ca5bf5575d614e04932c3a4", "name": "1687346826.622865.jpg", "modified": "2023-06-21T11:27:07.080Z"}}, {"model": "easy_thumbnails.source", "pk": 41, "fields": {"storage_hash": "0d677af76ca5bf5575d614e04932c3a4", "name": "1687347004.637136.jpg", "modified": "2023-06-21T11:30:04.786Z"}}, {"model": "easy_thumbnails.source", "pk": 42, "fields": {"storage_hash": "0d677af76ca5bf5575d614e04932c3a4", "name": "1687349991.324888.jpeg", "modified": "2023-06-21T12:19:51.497Z"}}, {"model": "easy_thumbnails.source", "pk": 43, "fields": {"storage_hash": "0d677af76ca5bf5575d614e04932c3a4", "name": "1687349991.362826.jpg", "modified": "2023-06-21T12:19:51.600Z"}}, {"model": "easy_thumbnails.source", "pk": 44, "fields": {"storage_hash": "0d677af76ca5bf5575d614e04932c3a4", "name": "1687350034.498856.jpg", "modified": "2023-06-21T12:20:34.633Z"}}, {"model": "easy_thumbnails.source", "pk": 45, "fields": {"storage_hash": "0d677af76ca5bf5575d614e04932c3a4", "name": "1687361654.951984.jpg", "modified": "2023-06-21T15:34:15.526Z"}}, {"model": "easy_thumbnails.source", "pk": 46, "fields": {"storage_hash": "0d677af76ca5bf5575d614e04932c3a4", "name": "1686758390.815844.jpg", "modified": "2023-06-24T08:20:16.244Z"}}, {"model": "easy_thumbnails.source", "pk": 47, "fields": {"storage_hash": "0d677af76ca5bf5575d614e04932c3a4", "name": "1687592886.190205.jpg", "modified": "2023-06-24T08:26:13.666Z"}}, {"model": "easy_thumbnails.source", "pk": 48, "fields": {"storage_hash": "0d677af76ca5bf5575d614e04932c3a4", "name": "1686735507.406214.jpg", "modified": "2023-06-24T08:31:37.349Z"}}, {"model": "easy_thumbnails.source", "pk": 49, "fields": {"storage_hash": "0d677af76ca5bf5575d614e04932c3a4", "name": "1686736475.429045.jpg", "modified": "2023-06-24T08:32:20.038Z"}}, {"model": "easy_thumbnails.source", "pk": 50, "fields": {"storage_hash": "0d677af76ca5bf5575d614e04932c3a4", "name": "1688156940.616476.jpg", "modified": "2023-06-30T20:29:00.805Z"}}, {"model": "easy_thumbnails.source", "pk": 51, "fields": {"storage_hash": "0d677af76ca5bf5575d614e04932c3a4", "name": "1688157863.67311.jpeg", "modified": "2023-06-30T20:44:23.859Z"}}, {"model": "easy_thumbnails.source", "pk": 52, "fields": {"storage_hash": "0d677af76ca5bf5575d614e04932c3a4", "name": "1688157863.694088.jpeg", "modified": "2023-06-30T20:44:23.918Z"}}, {"model": "easy_thumbnails.source", "pk": 53, "fields": {"storage_hash": "0d677af76ca5bf5575d614e04932c3a4", "name": "1688157863.722949.jpeg", "modified": "2023-06-30T20:44:23.989Z"}}, {"model": "easy_thumbnails.source", "pk": 54, "fields": {"storage_hash": "0d677af76ca5bf5575d614e04932c3a4", "name": "1688157863.731401.jpeg", "modified": "2023-06-30T20:44:24.106Z"}}, {"model": "easy_thumbnails.source", "pk": 55, "fields": {"storage_hash": "0d677af76ca5bf5575d614e04932c3a4", "name": "1688157863.739538.jpeg", "modified": "2023-06-30T20:44:24.163Z"}}, {"model": "easy_thumbnails.source", "pk": 56, "fields": {"storage_hash": "0d677af76ca5bf5575d614e04932c3a4", "name": "1688157863.748162.jpeg", "modified": "2023-06-30T20:44:24.223Z"}}, {"model": "easy_thumbnails.thumbnail", "pk": 1, "fields": {"storage_hash": "d26becbf46ac48eda79c7a39a13a02dd", "name": "thumbnails/1686131438.791238.png.100x100_q85_crop-center.jpg", "modified": "2023-06-07T09:55:37.352Z", "source": 1}}, {"model": "easy_thumbnails.thumbnail", "pk": 2, "fields": {"storage_hash": "d26becbf46ac48eda79c7a39a13a02dd", "name": "thumbnails/1686131438.799401.png.100x100_q85_crop-center.jpg", "modified": "2023-06-07T09:55:37.435Z", "source": 2}}, {"model": "easy_thumbnails.thumbnail", "pk": 3, "fields": {"storage_hash": "d26becbf46ac48eda79c7a39a13a02dd", "name": "thumbnails/1686131438.807785.png.100x100_q85_crop-center.jpg", "modified": "2023-06-07T09:55:37.518Z", "source": 3}}, {"model": "easy_thumbnails.thumbnail", "pk": 4, "fields": {"storage_hash": "d26becbf46ac48eda79c7a39a13a02dd", "name": "thumbnails/1686131438.791238.png.96x96_q85_crop-scale.jpg", "modified": "2023-06-07T10:07:30.629Z", "source": 1}}, {"model": "easy_thumbnails.thumbnail", "pk": 5, "fields": {"storage_hash": "d26becbf46ac48eda79c7a39a13a02dd", "name": "thumbnails/1686131438.799401.png.96x96_q85_crop-scale.jpg", "modified": "2023-06-07T10:07:30.705Z", "source": 2}}, {"model": "easy_thumbnails.thumbnail", "pk": 6, "fields": {"storage_hash": "d26becbf46ac48eda79c7a39a13a02dd", "name": "thumbnails/1686131438.807785.png.96x96_q85_crop-scale.jpg", "modified": "2023-06-07T10:07:30.771Z", "source": 3}}, {"model": "easy_thumbnails.thumbnail", "pk": 7, "fields": {"storage_hash": "d26becbf46ac48eda79c7a39a13a02dd", "name": "thumbnails/1686131438.791238.png.50x50_q85_crop.jpg", "modified": "2023-06-07T10:24:55.620Z", "source": 1}}, {"model": "easy_thumbnails.thumbnail", "pk": 8, "fields": {"storage_hash": "d26becbf46ac48eda79c7a39a13a02dd", "name": "thumbnails/1686131438.799401.png.50x50_q85_crop.jpg", "modified": "2023-06-07T10:24:55.687Z", "source": 2}}, {"model": "easy_thumbnails.thumbnail", "pk": 9, "fields": {"storage_hash": "d26becbf46ac48eda79c7a39a13a02dd", "name": "thumbnails/1686131438.807785.png.50x50_q85_crop.jpg", "modified": "2023-06-07T10:24:55.754Z", "source": 3}}, {"model": "easy_thumbnails.thumbnail", "pk": 10, "fields": {"storage_hash": "d26becbf46ac48eda79c7a39a13a02dd", "name": "thumbnails/1686133999.886568.png.96x96_q85_crop-scale.jpg", "modified": "2023-06-07T10:33:20.044Z", "source": 4}}, {"model": "easy_thumbnails.thumbnail", "pk": 11, "fields": {"storage_hash": "d26becbf46ac48eda79c7a39a13a02dd", "name": "thumbnails/1686135049.713028.png.96x96_q85_crop-scale.jpg", "modified": "2023-06-07T10:50:49.854Z", "source": 5}}, {"model": "easy_thumbnails.thumbnail", "pk": 12, "fields": {"storage_hash": "d26becbf46ac48eda79c7a39a13a02dd", "name": "thumbnails/1686135049.722341.png.96x96_q85_crop-scale.jpg", "modified": "2023-06-07T10:50:49.921Z", "source": 6}}, {"model": "easy_thumbnails.thumbnail", "pk": 13, "fields": {"storage_hash": "d26becbf46ac48eda79c7a39a13a02dd", "name": "thumbnails/1686133999.886568.png.100x300_q85_crop-scale.jpg", "modified": "2023-06-07T10:53:42.540Z", "source": 4}}, {"model": "easy_thumbnails.thumbnail", "pk": 14, "fields": {"storage_hash": "d26becbf46ac48eda79c7a39a13a02dd", "name": "thumbnails/1686135049.713028.png.100x300_q85_crop-scale.jpg", "modified": "2023-06-07T10:53:42.657Z", "source": 5}}, {"model": "easy_thumbnails.thumbnail", "pk": 15, "fields": {"storage_hash": "d26becbf46ac48eda79c7a39a13a02dd", "name": "thumbnails/1686135049.722341.png.100x300_q85_crop-scale.jpg", "modified": "2023-06-07T10:53:42.748Z", "source": 6}}, {"model": "easy_thumbnails.thumbnail", "pk": 16, "fields": {"storage_hash": "d26becbf46ac48eda79c7a39a13a02dd", "name": "thumbnails/1686133999.886568.png.500x300_q85_crop-scale.jpg", "modified": "2023-06-07T10:56:12.133Z", "source": 4}}, {"model": "easy_thumbnails.thumbnail", "pk": 17, "fields": {"storage_hash": "d26becbf46ac48eda79c7a39a13a02dd", "name": "thumbnails/1686135049.713028.png.500x300_q85_crop-scale.jpg", "modified": "2023-06-07T10:56:12.225Z", "source": 5}}, {"model": "easy_thumbnails.thumbnail", "pk": 18, "fields": {"storage_hash": "d26becbf46ac48eda79c7a39a13a02dd", "name": "thumbnails/1686135049.722341.png.500x300_q85_crop-scale.jpg", "modified": "2023-06-07T10:56:12.308Z", "source": 6}}, {"model": "easy_thumbnails.thumbnail", "pk": 19, "fields": {"storage_hash": "d26becbf46ac48eda79c7a39a13a02dd", "name": "thumbnails/1686133999.886568.png.500x300_q85_crop-smart.jpg", "modified": "2023-06-07T10:57:02.428Z", "source": 4}}, {"model": "easy_thumbnails.thumbnail", "pk": 20, "fields": {"storage_hash": "d26becbf46ac48eda79c7a39a13a02dd", "name": "thumbnails/1686135049.713028.png.500x300_q85_crop-smart.jpg", "modified": "2023-06-07T10:57:02.520Z", "source": 5}}, {"model": "easy_thumbnails.thumbnail", "pk": 21, "fields": {"storage_hash": "d26becbf46ac48eda79c7a39a13a02dd", "name": "thumbnails/1686135049.722341.png.500x300_q85_crop-smart.jpg", "modified": "2023-06-07T10:57:02.620Z", "source": 6}}, {"model": "easy_thumbnails.thumbnail", "pk": 22, "fields": {"storage_hash": "d26becbf46ac48eda79c7a39a13a02dd", "name": "thumbnails/1686135483.066766.png.500x300_q85_crop-smart.png", "modified": "2023-06-07T10:58:03.407Z", "source": 7}}, {"model": "easy_thumbnails.thumbnail", "pk": 23, "fields": {"storage_hash": "d26becbf46ac48eda79c7a39a13a02dd", "name": "thumbnails/1686135543.978363.jpg.500x300_q85_crop-smart.jpg", "modified": "2023-06-07T10:59:04.111Z", "source": 8}}, {"model": "easy_thumbnails.thumbnail", "pk": 24, "fields": {"storage_hash": "d26becbf46ac48eda79c7a39a13a02dd", "name": "thumbnails/1686135543.986887.jpg.500x300_q85_crop-smart.jpg", "modified": "2023-06-07T10:59:04.186Z", "source": 9}}, {"model": "easy_thumbnails.thumbnail", "pk": 25, "fields": {"storage_hash": "d26becbf46ac48eda79c7a39a13a02dd", "name": "thumbnails/1686135483.066766.png.500x300_q85_crop-scale.png", "modified": "2023-06-07T11:01:17.720Z", "source": 7}}, {"model": "easy_thumbnails.thumbnail", "pk": 26, "fields": {"storage_hash": "d26becbf46ac48eda79c7a39a13a02dd", "name": "thumbnails/1686135543.978363.jpg.500x300_q85_crop-scale.jpg", "modified": "2023-06-07T11:01:17.795Z", "source": 8}}, {"model": "easy_thumbnails.thumbnail", "pk": 27, "fields": {"storage_hash": "d26becbf46ac48eda79c7a39a13a02dd", "name": "thumbnails/1686135543.986887.jpg.500x300_q85_crop-scale.jpg", "modified": "2023-06-07T11:01:17.870Z", "source": 9}}, {"model": "easy_thumbnails.thumbnail", "pk": 28, "fields": {"storage_hash": "d26becbf46ac48eda79c7a39a13a02dd", "name": "thumbnails/1686135697.305068.jpg.500x300_q85_crop-scale.jpg", "modified": "2023-06-07T11:01:37.454Z", "source": 10}}, {"model": "easy_thumbnails.thumbnail", "pk": 29, "fields": {"storage_hash": "d26becbf46ac48eda79c7a39a13a02dd", "name": "thumbnails/1686136932.943683.jpg.500x300_q85_crop-scale.jpg", "modified": "2023-06-07T11:22:13.351Z", "source": 11}}, {"model": "easy_thumbnails.thumbnail", "pk": 30, "fields": {"storage_hash": "d26becbf46ac48eda79c7a39a13a02dd", "name": "thumbnails/1686136932.951783.jpg.500x300_q85_crop-scale.jpg", "modified": "2023-06-07T11:22:13.443Z", "source": 12}}, {"model": "easy_thumbnails.thumbnail", "pk": 31, "fields": {"storage_hash": "d26becbf46ac48eda79c7a39a13a02dd", "name": "thumbnails/1686136932.960239.jpg.500x300_q85_crop-scale.jpg", "modified": "2023-06-07T11:22:13.518Z", "source": 13}}, {"model": "easy_thumbnails.thumbnail", "pk": 32, "fields": {"storage_hash": "d26becbf46ac48eda79c7a39a13a02dd", "name": "thumbnails/1686136932.96836.jpg.500x300_q85_crop-scale.jpg", "modified": "2023-06-07T11:22:13.585Z", "source": 14}}, {"model": "easy_thumbnails.thumbnail", "pk": 33, "fields": {"storage_hash": "d26becbf46ac48eda79c7a39a13a02dd", "name": "thumbnails/1686136932.977283.jpg.500x300_q85_crop-scale.jpg", "modified": "2023-06-07T11:22:13.660Z", "source": 15}}, {"model": "easy_thumbnails.thumbnail", "pk": 34, "fields": {"storage_hash": "d26becbf46ac48eda79c7a39a13a02dd", "name": "thumbnails/1686136932.985102.jpeg.500x300_q85_crop-scale.jpg", "modified": "2023-06-07T11:22:13.685Z", "source": 16}}, {"model": "easy_thumbnails.thumbnail", "pk": 35, "fields": {"storage_hash": "d26becbf46ac48eda79c7a39a13a02dd", "name": "thumbnails/1686142593.420688.jpeg.500x300_q85_crop-scale.jpg", "modified": "2023-06-07T12:56:33.697Z", "source": 17}}, {"model": "easy_thumbnails.thumbnail", "pk": 36, "fields": {"storage_hash": "d26becbf46ac48eda79c7a39a13a02dd", "name": "thumbnails/1686146654.131546.jpg.500x300_q85_crop-scale.jpg", "modified": "2023-06-07T14:08:38.674Z", "source": 18}}, {"model": "easy_thumbnails.thumbnail", "pk": 37, "fields": {"storage_hash": "d26becbf46ac48eda79c7a39a13a02dd", "name": "thumbnails/1686146654.141275.jpeg.500x300_q85_crop-scale.jpg", "modified": "2023-06-07T14:08:38.707Z", "source": 19}}, {"model": "easy_thumbnails.thumbnail", "pk": 38, "fields": {"storage_hash": "d26becbf46ac48eda79c7a39a13a02dd", "name": "thumbnails/1686146676.524683.jpg.500x300_q85_crop-scale.jpg", "modified": "2023-06-07T14:08:39.032Z", "source": 20}}, {"model": "easy_thumbnails.thumbnail", "pk": 39, "fields": {"storage_hash": "d26becbf46ac48eda79c7a39a13a02dd", "name": "thumbnails/1686146747.193639.jpg.500x300_q85_crop-scale.jpg", "modified": "2023-06-07T14:08:39.148Z", "source": 21}}, {"model": "easy_thumbnails.thumbnail", "pk": 40, "fields": {"storage_hash": "d26becbf46ac48eda79c7a39a13a02dd", "name": "thumbnails/1686146768.447171.jpg.500x300_q85_crop-scale.jpg", "modified": "2023-06-07T14:08:39.215Z", "source": 22}}, {"model": "easy_thumbnails.thumbnail", "pk": 41, "fields": {"storage_hash": "d26becbf46ac48eda79c7a39a13a02dd", "name": "thumbnails/1686146959.301849.jpg.500x300_q85_crop-scale.jpg", "modified": "2023-06-07T14:09:29.535Z", "source": 23}}, {"model": "easy_thumbnails.thumbnail", "pk": 42, "fields": {"storage_hash": "d26becbf46ac48eda79c7a39a13a02dd", "name": "thumbnails/1686147052.024392.jpg.500x300_q85_crop-scale.jpg", "modified": "2023-06-07T14:17:53.567Z", "source": 24}}, {"model": "easy_thumbnails.thumbnail", "pk": 43, "fields": {"storage_hash": "d26becbf46ac48eda79c7a39a13a02dd", "name": "thumbnails/1686147520.022817.jpg.500x300_q85_crop-scale.jpg", "modified": "2023-06-07T14:18:40.404Z", "source": 25}}, {"model": "easy_thumbnails.thumbnail", "pk": 44, "fields": {"storage_hash": "d26becbf46ac48eda79c7a39a13a02dd", "name": "thumbnails/1686147717.285572.jpeg.500x300_q85_crop-scale.jpg", "modified": "2023-06-07T14:21:57.392Z", "source": 26}}, {"model": "easy_thumbnails.thumbnail", "pk": 45, "fields": {"storage_hash": "d26becbf46ac48eda79c7a39a13a02dd", "name": "thumbnails/docs/ac7894efab1968ac593772bbdf0945ba.jpg.500x300_q85_crop-scale.jpg", "modified": "2023-06-07T14:48:50.626Z", "source": 27}}, {"model": "easy_thumbnails.thumbnail", "pk": 46, "fields": {"storage_hash": "d26becbf46ac48eda79c7a39a13a02dd", "name": "thumbnails/docs/2012-chevrolet-sonic_100336906_h.jpg.500x300_q85_crop-scale.jpg", "modified": "2023-06-07T15:08:58.311Z", "source": 28}}, {"model": "easy_thumbnails.thumbnail", "pk": 47, "fields": {"storage_hash": "d26becbf46ac48eda79c7a39a13a02dd", "name": "thumbnails/docs/1549875104_kamaz-nowa-generacja-1.jpg.500x300_q85_crop-scale.jpg", "modified": "2023-06-07T15:19:25.729Z", "source": 29}}, {"model": "easy_thumbnails.thumbnail", "pk": 48, "fields": {"storage_hash": "d26becbf46ac48eda79c7a39a13a02dd", "name": "thumbnails/1686151617.67624.jpeg.500x300_q85_crop-scale.jpg", "modified": "2023-06-07T15:26:57.942Z", "source": 30}}, {"model": "easy_thumbnails.thumbnail", "pk": 49, "fields": {"storage_hash": "d26becbf46ac48eda79c7a39a13a02dd", "name": "thumbnails/1686151617.727486.jpg.500x300_q85_crop-scale.jpg", "modified": "2023-06-07T15:26:58.034Z", "source": 31}}, {"model": "easy_thumbnails.thumbnail", "pk": 50, "fields": {"storage_hash": "d26becbf46ac48eda79c7a39a13a02dd", "name": "thumbnails/1686151646.421197.jpg.500x300_q85_crop-scale.jpg", "modified": "2023-06-07T15:27:26.602Z", "source": 32}}, {"model": "easy_thumbnails.thumbnail", "pk": 51, "fields": {"storage_hash": "d26becbf46ac48eda79c7a39a13a02dd", "name": "thumbnails/docs/2012-chevrolet-sonic_100336906_h_VSWGe7l.jpg.500x300_q85_crop-scale.jpg", "modified": "2023-06-07T15:28:17.630Z", "source": 33}}, {"model": "easy_thumbnails.thumbnail", "pk": 52, "fields": {"storage_hash": "d26becbf46ac48eda79c7a39a13a02dd", "name": "thumbnails/1687330454.548673.jpeg.500x300_q85_crop-scale.jpg", "modified": "2023-06-21T06:54:14.847Z", "source": 34}}, {"model": "easy_thumbnails.thumbnail", "pk": 53, "fields": {"storage_hash": "d26becbf46ac48eda79c7a39a13a02dd", "name": "thumbnails/1687330482.882744.jpg.500x300_q85_crop-scale.jpg", "modified": "2023-06-21T06:54:43.015Z", "source": 35}}, {"model": "easy_thumbnails.thumbnail", "pk": 54, "fields": {"storage_hash": "d26becbf46ac48eda79c7a39a13a02dd", "name": "thumbnails/1687332144.990928.jpg.500x300_q85_crop-scale.jpg", "modified": "2023-06-21T07:22:25.163Z", "source": 36}}, {"model": "easy_thumbnails.thumbnail", "pk": 55, "fields": {"storage_hash": "d26becbf46ac48eda79c7a39a13a02dd", "name": "thumbnails/1687332144.990928.jpg.650x300_q85_crop-scale.jpg", "modified": "2023-06-21T08:38:54.349Z", "source": 36}}, {"model": "easy_thumbnails.thumbnail", "pk": 56, "fields": {"storage_hash": "d26becbf46ac48eda79c7a39a13a02dd", "name": "thumbnails/1687345184.053854.jpg.500x300_q85_crop-scale.jpg", "modified": "2023-06-21T10:59:44.225Z", "source": 37}}, {"model": "easy_thumbnails.thumbnail", "pk": 57, "fields": {"storage_hash": "d26becbf46ac48eda79c7a39a13a02dd", "name": "thumbnails/1687345207.283579.jpg.500x300_q85_crop-scale.jpg", "modified": "2023-06-21T11:00:07.468Z", "source": 38}}, {"model": "easy_thumbnails.thumbnail", "pk": 58, "fields": {"storage_hash": "d26becbf46ac48eda79c7a39a13a02dd", "name": "thumbnails/1687346826.606142.jpg.500x300_q85_crop-scale.jpg", "modified": "2023-06-21T11:27:06.780Z", "source": 39}}, {"model": "easy_thumbnails.thumbnail", "pk": 59, "fields": {"storage_hash": "d26becbf46ac48eda79c7a39a13a02dd", "name": "thumbnails/1687346826.622865.jpg.500x300_q85_crop-scale.jpg", "modified": "2023-06-21T11:27:07.097Z", "source": 40}}, {"model": "easy_thumbnails.thumbnail", "pk": 60, "fields": {"storage_hash": "d26becbf46ac48eda79c7a39a13a02dd", "name": "thumbnails/1687347004.637136.jpg.500x300_q85_crop-scale.jpg", "modified": "2023-06-21T11:30:04.801Z", "source": 41}}, {"model": "easy_thumbnails.thumbnail", "pk": 61, "fields": {"storage_hash": "d26becbf46ac48eda79c7a39a13a02dd", "name": "thumbnails/1687349991.324888.jpeg.500x300_q85_crop-scale.jpg", "modified": "2023-06-21T12:19:51.512Z", "source": 42}}, {"model": "easy_thumbnails.thumbnail", "pk": 62, "fields": {"storage_hash": "d26becbf46ac48eda79c7a39a13a02dd", "name": "thumbnails/1687349991.362826.jpg.500x300_q85_crop-scale.jpg", "modified": "2023-06-21T12:19:51.612Z", "source": 43}}, {"model": "easy_thumbnails.thumbnail", "pk": 63, "fields": {"storage_hash": "d26becbf46ac48eda79c7a39a13a02dd", "name": "thumbnails/1687350034.498856.jpg.500x300_q85_crop-scale.jpg", "modified": "2023-06-21T12:20:34.639Z", "source": 44}}, {"model": "easy_thumbnails.thumbnail", "pk": 64, "fields": {"storage_hash": "d26becbf46ac48eda79c7a39a13a02dd", "name": "thumbnails/1687361654.951984.jpg.500x300_q85_crop-scale.jpg", "modified": "2023-06-21T15:34:15.660Z", "source": 45}}, {"model": "easy_thumbnails.thumbnail", "pk": 65, "fields": {"storage_hash": "d26becbf46ac48eda79c7a39a13a02dd", "name": "thumbnails/1686758390.815844.jpg.650x350_q85_crop.jpg", "modified": "2023-06-24T07:59:53.717Z", "source": 46}}, {"model": "easy_thumbnails.thumbnail", "pk": 66, "fields": {"storage_hash": "d26becbf46ac48eda79c7a39a13a02dd", "name": "thumbnails/1686758390.815844.jpg.650x350_q85_crop-scale.jpg", "modified": "2023-06-24T08:01:04.698Z", "source": 46}}, {"model": "easy_thumbnails.thumbnail", "pk": 67, "fields": {"storage_hash": "d26becbf46ac48eda79c7a39a13a02dd", "name": "thumbnails/1686758390.815844.jpg.650x350_q85_crop-smart.jpg", "modified": "2023-06-24T08:13:32.547Z", "source": 46}}, {"model": "easy_thumbnails.thumbnail", "pk": 68, "fields": {"storage_hash": "d26becbf46ac48eda79c7a39a13a02dd", "name": "thumbnails/1686758390.815844.jpg.650x350_q85_crop-contain.jpg", "modified": "2023-06-24T08:14:36.250Z", "source": 46}}, {"model": "easy_thumbnails.thumbnail", "pk": 69, "fields": {"storage_hash": "d26becbf46ac48eda79c7a39a13a02dd", "name": "thumbnails/1686758390.815844.jpg.650x350_q85_crop-cover.jpg", "modified": "2023-06-24T08:14:48.685Z", "source": 46}}, {"model": "easy_thumbnails.thumbnail", "pk": 70, "fields": {"storage_hash": "d26becbf46ac48eda79c7a39a13a02dd", "name": "thumbnails/1686758390.815844.jpg.650x350_q85_crop-auto.jpg", "modified": "2023-06-24T08:15:32.113Z", "source": 46}}, {"model": "easy_thumbnails.thumbnail", "pk": 71, "fields": {"storage_hash": "d26becbf46ac48eda79c7a39a13a02dd", "name": "thumbnails/1686758390.815844.jpg.50x350_q85_crop-cover.jpg", "modified": "2023-06-24T08:15:52.781Z", "source": 46}}, {"model": "easy_thumbnails.thumbnail", "pk": 72, "fields": {"storage_hash": "d26becbf46ac48eda79c7a39a13a02dd", "name": "thumbnails/1686758390.815844.jpg.1000x350_q85_crop-cover.jpg", "modified": "2023-06-24T08:16:24.566Z", "source": 46}}, {"model": "easy_thumbnails.thumbnail", "pk": 73, "fields": {"storage_hash": "d26becbf46ac48eda79c7a39a13a02dd", "name": "thumbnails/1686758390.815844.jpg.522x350_q85_crop-cover.jpg", "modified": "2023-06-24T08:17:12.619Z", "source": 46}}, {"model": "easy_thumbnails.thumbnail", "pk": 74, "fields": {"storage_hash": "d26becbf46ac48eda79c7a39a13a02dd", "name": "thumbnails/1686758390.815844.jpg.522x350_q85_crop-scale.jpg", "modified": "2023-06-24T08:20:16.273Z", "source": 46}}, {"model": "easy_thumbnails.thumbnail", "pk": 75, "fields": {"storage_hash": "d26becbf46ac48eda79c7a39a13a02dd", "name": "thumbnails/1687592886.190205.jpg.522x350_q85_crop-scale.jpg", "modified": "2023-06-24T08:26:13.689Z", "source": 47}}, {"model": "easy_thumbnails.thumbnail", "pk": 76, "fields": {"storage_hash": "d26becbf46ac48eda79c7a39a13a02dd", "name": "thumbnails/1686735507.406214.jpg.522x350_q85_crop-scale.jpg", "modified": "2023-06-24T08:31:37.368Z", "source": 48}}, {"model": "easy_thumbnails.thumbnail", "pk": 77, "fields": {"storage_hash": "d26becbf46ac48eda79c7a39a13a02dd", "name": "thumbnails/1686736475.429045.jpg.522x350_q85_crop-scale.jpg", "modified": "2023-06-24T08:32:20.071Z", "source": 49}}, {"model": "easy_thumbnails.thumbnail", "pk": 78, "fields": {"storage_hash": "d26becbf46ac48eda79c7a39a13a02dd", "name": "thumbnails/1688156940.616476.jpg.500x300_q85_crop-scale.jpg", "modified": "2023-06-30T20:29:01.041Z", "source": 50}}, {"model": "easy_thumbnails.thumbnail", "pk": 79, "fields": {"storage_hash": "d26becbf46ac48eda79c7a39a13a02dd", "name": "thumbnails/1688157863.67311.jpeg.500x300_q85_crop-scale.jpg", "modified": "2023-06-30T20:44:23.872Z", "source": 51}}, {"model": "easy_thumbnails.thumbnail", "pk": 80, "fields": {"storage_hash": "d26becbf46ac48eda79c7a39a13a02dd", "name": "thumbnails/1688157863.694088.jpeg.500x300_q85_crop-scale.jpg", "modified": "2023-06-30T20:44:23.922Z", "source": 52}}, {"model": "easy_thumbnails.thumbnail", "pk": 81, "fields": {"storage_hash": "d26becbf46ac48eda79c7a39a13a02dd", "name": "thumbnails/1688157863.722949.jpeg.500x300_q85_crop-scale.jpg", "modified": "2023-06-30T20:44:24.056Z", "source": 53}}, {"model": "easy_thumbnails.thumbnail", "pk": 82, "fields": {"storage_hash": "d26becbf46ac48eda79c7a39a13a02dd", "name": "thumbnails/1688157863.731401.jpeg.500x300_q85_crop-scale.jpg", "modified": "2023-06-30T20:44:24.115Z", "source": 54}}, {"model": "easy_thumbnails.thumbnail", "pk": 83, "fields": {"storage_hash": "d26becbf46ac48eda79c7a39a13a02dd", "name": "thumbnails/1688157863.739538.jpeg.500x300_q85_crop-scale.jpg", "modified": "2023-06-30T20:44:24.173Z", "source": 55}}, {"model": "easy_thumbnails.thumbnail", "pk": 84, "fields": {"storage_hash": "d26becbf46ac48eda79c7a39a13a02dd", "name": "thumbnails/1688157863.748162.jpeg.500x300_q85_crop-scale.jpg", "modified": "2023-06-30T20:44:24.231Z", "source": 56}}]